{"cameraMode":{"drawMode":0,"name":"Shaded","section":"Shading Mode"},"sceneLighting":true,"audioPlay":false,"sceneViewState":{"showFog":true,"showMaterialUpdate":false,"showSkybox":true,"showFlares":true,"showImageEffects":true,"showParticleSystems":true},"in2DMode":false,"pivot":{"x":-13.000560760498047,"y":0.29256391525268557,"z":0.7693753242492676},"rotation":{"x":-0.23925922811031342,"y":-0.2938312888145447,"z":0.07619613409042359,"w":-0.9223131537437439},"size":15.240421295166016,"orthographic":false}