{"cameraMode":{"drawMode":0,"name":"Shaded","section":"Shading Mode"},"sceneLighting":true,"audioPlay":false,"sceneViewState":{"showFog":true,"showMaterialUpdate":true,"showSkybox":true,"showFlares":true,"showImageEffects":true,"showParticleSystems":true},"in2DMode":false,"pivot":{"x":5.056117057800293,"y":1.8389663696289063,"z":0.3790616989135742},"rotation":{"x":-0.2587496340274811,"y":-0.45605704188346865,"z":0.14041998982429505,"w":-0.8399019241333008},"size":24.392818450927736,"orthographic":false}