{"cameraMode":{"drawMode":0,"name":"Shaded","section":"Shading Mode"},"sceneLighting":true,"audioPlay":false,"sceneViewState":{"showFog":true,"showMaterialUpdate":true,"showSkybox":true,"showFlares":true,"showImageEffects":true,"showParticleSystems":true},"in2DMode":false,"pivot":{"x":9.33899974822998,"y":1.9800000190734864,"z":0.009999969974160195},"rotation":{"x":-0.0830848440527916,"y":0.9092912673950195,"z":-0.21992789208889008,"w":-0.34351813793182375},"size":4.042564868927002,"orthographic":false}