{"cameraMode":{"drawMode":0,"name":"Shaded","section":"Shading Mode"},"sceneLighting":true,"audioPlay":false,"sceneViewState":{"showFog":true,"showMaterialUpdate":false,"showSkybox":true,"showFlares":true,"showImageEffects":true,"showParticleSystems":true},"in2DMode":false,"pivot":{"x":-13.99311351776123,"y":2.0680413246154787,"z":0.6962909698486328},"rotation":{"x":0.13573415577411652,"y":0.26438677310943606,"z":-0.03759515658020973,"w":0.9541096091270447},"size":13.996565818786621,"orthographic":false}