{"cameraMode":{"drawMode":0,"name":"Shaded","section":"Shading Mode"},"sceneLighting":true,"audioPlay":false,"sceneViewState":{"showFog":true,"showMaterialUpdate":true,"showSkybox":true,"showFlares":true,"showImageEffects":true,"showParticleSystems":true},"in2DMode":false,"pivot":{"x":0.5008406639099121,"y":0.1744232177734375,"z":-0.033111572265625},"rotation":{"x":-0.25976020097732546,"y":-0.2618575990200043,"z":0.07338428497314453,"w":-0.9266197681427002},"size":22.462804794311525,"orthographic":false}