{"cameraMode":{"drawMode":0,"name":"Shaded","section":"Shading Mode"},"sceneLighting":true,"audioPlay":false,"sceneViewState":{"showFog":true,"showMaterialUpdate":true,"showSkybox":true,"showFlares":true,"showImageEffects":true,"showParticleSystems":true},"in2DMode":false,"pivot":{"x":0.0,"y":0.5609999895095825,"z":-7.71999979019165},"rotation":{"x":-0.09816258400678635,"y":-0.27484235167503359,"z":0.028210263699293138,"w":-0.9560953378677368},"size":2.3334522247314455,"orthographic":false}