{"cameraMode":{"drawMode":0,"name":"Shaded","section":"Shading Mode"},"sceneLighting":true,"audioPlay":false,"sceneViewState":{"showFog":true,"showMaterialUpdate":false,"showSkybox":true,"showFlares":true,"showImageEffects":true,"showParticleSystems":true},"in2DMode":false,"pivot":{"x":-12.8694429397583,"y":1.9837970733642579,"z":0.08474540710449219},"rotation":{"x":-0.2117072492837906,"y":-0.3735889792442322,"z":0.0879724994301796,"w":-0.8988421559333801},"size":15.989494323730469,"orthographic":false}