{"cameraMode":{"drawMode":0,"name":"Shaded","section":"Shading Mode"},"sceneLighting":true,"audioPlay":false,"sceneViewState":{"showFog":true,"showMaterialUpdate":true,"showSkybox":true,"showFlares":true,"showImageEffects":true,"showParticleSystems":true},"in2DMode":false,"pivot":{"x":0.12479877471923828,"y":2.1978378295898439,"z":0.48633241653442385},"rotation":{"x":-0.10683830082416535,"y":0.5093789100646973,"z":-0.06390246748924256,"w":-0.8515396118164063},"size":9.2901611328125,"orthographic":false}