{"cameraMode":{"drawMode":0,"name":"Shaded","section":"Shading Mode"},"sceneLighting":true,"audioPlay":false,"sceneViewState":{"showFog":true,"showMaterialUpdate":true,"showSkybox":true,"showFlares":true,"showImageEffects":true,"showParticleSystems":true},"in2DMode":false,"pivot":{"x":2.9072554111480715,"y":1.7244908809661866,"z":0.021132469177246095},"rotation":{"x":-0.004631498828530312,"y":0.6864588856697083,"z":-0.004285994917154312,"w":-0.7272071838378906},"size":5.483885288238525,"orthographic":false}