{"cameraMode":{"drawMode":0,"name":"Shaded","section":"Shading Mode"},"sceneLighting":true,"audioPlay":false,"sceneViewState":{"showFog":true,"showMaterialUpdate":true,"showSkybox":true,"showFlares":true,"showImageEffects":true,"showParticleSystems":true},"in2DMode":false,"pivot":{"x":-5.616214275360107,"y":10.507198333740235,"z":-0.305206298828125},"rotation":{"x":-0.3851841390132904,"y":-0.3572869300842285,"z":0.1648574024438858,"w":-0.8347797989845276},"size":18.409570693969728,"orthographic":false}