{"cameraMode":{"drawMode":0,"name":"Shaded","section":"Shading Mode"},"sceneLighting":true,"audioPlay":false,"sceneViewState":{"showFog":true,"showMaterialUpdate":true,"showSkybox":true,"showFlares":true,"showImageEffects":true,"showParticleSystems":true},"in2DMode":false,"pivot":{"x":2.3999998569488527,"y":0.6450005769729614,"z":-0.1770000010728836},"rotation":{"x":-0.08318935334682465,"y":0.8350095748901367,"z":-0.13159015774726869,"w":-0.5278348922729492},"size":17.849266052246095,"orthographic":false}